{
    "metrics": {
        "precision": 0.9931077647512676,
        "recall": 0.9984346316261389,
        "f1": 0.995764074185028,
        "accuracy": 0.9997544725406805,
        "specificity": 0.999793756747181
    }
}